timestamp,train_accuracy,train_precision,train_recall,train_f1,test_accuracy,test_precision,test_recall,test_f1
20250216_114933,0.9942556370595316,0.9943007010998878,0.9942556370595316,0.9942571716444503,0.7768935359989673,0.7767543681578963,0.7768935359989673,0.7767934732028838
20250216_115305,0.9942556370595316,0.9943007010998878,0.9942556370595316,0.9942571716444503,0.7768935359989673,0.7767543681578963,0.7768935359989673,0.7767934732028838
20250216_115647,0.7788387996217756,0.7805180941363667,0.7788387996217756,0.7790538086374984,0.7781714912705328,0.7799847304848748,0.7781714912705328,0.778404596265124
20250216_120009,0.7752663222200349,0.7823963131236427,0.7752663222200349,0.7751759273785056,0.7732145738535515,0.7804279271982013,0.7732145738535515,0.7731593124735814
20250216_121609,0.6802487502783434,0.693304231758929,0.6802487502783434,0.6786744297333038,0.6784199825733372,0.6915799120010371,0.6784199825733372,0.6769235360844423
20250216_124118,0.7312348121302873,0.7456528394022831,0.7312348121302873,0.72997314073559,0.7295962823119373,0.744547923320675,0.7295962823119373,0.7283244453212812
20250216_124551,0.603678976986224,0.6702412902803706,0.603678976986224,0.5761073019701687,0.6018088230548294,0.6696073097590579,0.6018088230548294,0.5747910671268964
20250216_124739,0.6068274874442808,0.6057039045696767,0.6068274874442808,0.6056398347098206,0.6059799270661891,0.6047337841013763,0.6059799270661891,0.6048088112671736
20250216_124925,0.6025111438310575,0.6252928303146473,0.6025111438310575,0.565446691458827,0.6039306806079969,0.6256225675215942,0.6039306806079969,0.5659809553827013
20250216_125114,0.6069767441860465,0.6056666132504707,0.6069767441860465,0.6031729475886738,0.6053425630102947,0.6035758072646096,0.6053425630102947,0.6014972832857074
20250216_125304,0.6066862986345025,0.6058267877032965,0.6066862986345025,0.6009565174114403,0.6062300319488818,0.604788108791257,0.6062300319488818,0.6003976190574087
20250216_125452,0.5816555396438008,0.6101427950563948,0.5816555396438008,0.5685336000482965,0.5778794333107432,0.6080044622773273,0.5778794333107432,0.5646143058656524
20250216_125652,0.6206418039895923,0.6378469059956867,0.6206418039895923,0.5954232012057104,0.6225755962177687,0.6386568244816215,0.6225755962177687,0.5970980310134925
20250216_125852,0.5965912987353517,0.6117989914265708,0.5965912987353517,0.5921247822734768,0.5956691515796947,0.6121623941522268,0.5956691515796947,0.5912901389704794
20250216_130053,0.5944593477076988,0.5927651338834075,0.5944593477076988,0.5911451285038434,0.592796979378449,0.590709169554058,0.592796979378449,0.5894022281808242
20250216_130237,0.6978902357853123,0.6977104838381695,0.6978902357853123,0.6965922341271774,0.697832962209959,0.6974119624101107,0.697832962209959,0.6965910187274756
20250216_130421,0.7034631598055628,0.7052600784607698,0.7034631598055628,0.7004762657513751,0.7025446154839126,0.7038427696972209,0.7025446154839126,0.6995304586888853
20250216_130605,0.7020411867927954,0.7017705359853089,0.7020411867927954,0.7009853017487957,0.7025849549811212,0.702142953555934,0.7025849549811212,0.7015341723553539
20250216_130753,0.7060085923475665,0.7057386145273464,0.7060085923475665,0.705809542722291,0.7044728434504792,0.7041619760438891,0.7044728434504792,0.7042532033144046
20250216_130942,0.709996167732306,0.7140376109346552,0.709996167732306,0.7101445246776227,0.708611675864072,0.7131247438396757,0.708611675864072,0.7088367227206276
20250216_131131,0.6475765949293047,0.6487322447393014,0.6475765949293047,0.6424020784830423,0.647690967179785,0.6482644346550558,0.647690967179785,0.6424615274961597
20250216_131333,0.6916658262570846,0.7054934772930586,0.6916658262570846,0.6899987843288653,0.6890712234162714,0.7033915087436478,0.6890712234162714,0.6875879486896722
20250216_131533,0.6516670364468827,0.668559679757456,0.6516670364468827,0.6484011456987407,0.6495546519508181,0.6676829651637568,0.6495546519508181,0.6463487943442142
20250216_131733,0.7030698481211803,0.7047826161827849,0.7030698481211803,0.7033477422460032,0.701076257785523,0.7030564461052443,0.701076257785523,0.7014178506960069
20250216_131917,0.7174085802456686,0.7172286428707048,0.7174085802456686,0.7164919988198928,0.7158969890599284,0.7155382525410521,0.7158969890599284,0.7149830996160463
20250216_132102,0.6855301639807176,0.6851191969090126,0.6855301639807176,0.684358343456234,0.6849081873043534,0.6843065066313712,0.6849081873043534,0.683750591788561
20250216_132248,0.6647996127392646,0.6656920228186942,0.6647996127392646,0.6650528259561884,0.6646012844095911,0.6656949568824646,0.6646012844095911,0.6649123070619909
20250216_132437,0.7219326731075657,0.7224277695679504,0.7219326731075657,0.7220892844529825,0.7191564204343757,0.7198508102581076,0.7191564204343757,0.719366787971854
20250216_132626,0.721868129651667,0.7216119926283895,0.721868129651667,0.721665608022182,0.7195356117081356,0.7192837586739442,0.7195356117081356,0.7193628354121712
20250216_132814,0.7096411787248633,0.7097459924206333,0.7096411787248633,0.7096881887431188,0.7085229289702133,0.7087488415391953,0.7085229289702133,0.7086172267561959
20250216_133014,0.7242320337239557,0.7263477885722508,0.7242320337239557,0.7244892077589946,0.7215041791719108,0.7241380584748844,0.7215041791719108,0.7218228600898935
20250216_133216,0.7333830855805885,0.7331399361869281,0.7333830855805885,0.7328186855945785,0.7324523187142995,0.732100640076434,0.7324523187142995,0.7319036518626839
20250216_133417,0.723501885879102,0.7243184172143469,0.723501885879102,0.7237082083637689,0.7217623519540453,0.7227982885456293,0.7217623519540453,0.7220212467062195
20250216_133521,0.6003287682284838,0.6091707157807207,0.6003287682284838,0.5988773401692209,0.5979281634233711,0.6076763435149211,0.5979281634233711,0.5965605167168766
20250216_133625,0.6004901268682306,0.6099166297628059,0.6004901268682306,0.5988032612474204,0.599848323490496,0.6101677148229324,0.599848323490496,0.5982889706247122
20250216_133729,0.589495552552492,0.5998231760116701,0.589495552552492,0.587192077948951,0.5865201536128054,0.5979358911491254,0.5865201536128054,0.5842400006032359
20250216_133836,0.6976139091147462,0.7030350942053524,0.6976139091147462,0.6975914309879364,0.6967034562881208,0.7025618990188944,0.6967034562881208,0.6967826598669734
20250216_133943,0.5951733596885779,0.6106997103036859,0.5951733596885779,0.5904838416625072,0.594257269177397,0.6110712087605842,0.594257269177397,0.589663162009053
20250216_134051,0.603243308658908,0.6021746342875206,0.603243308658908,0.6022135848277398,0.6024945945073741,0.6013329179604995,0.6024945945073741,0.6014887971214342
20250216_134207,0.5995461788257125,0.6014000275440089,0.5995461788257125,0.5999223983429267,0.5979523671216962,0.6002120182446291,0.5979523671216962,0.5984166160720905
20250216_134323,0.6019302527279695,0.610794089584391,0.6019302527279695,0.6004931218419847,0.5998725271888211,0.6097246915857133,0.5998725271888211,0.5984926631325332
20250216_134438,0.6006393836099961,0.6070652291887004,0.6006393836099961,0.6000844164025029,0.5997515086971956,0.6068945579495455,0.5997515086971956,0.5993099813759922
20250216_134541,0.7118074184634624,0.7117476043460195,0.7118074184634624,0.71177530239371,0.7103785458418046,0.7103465796968447,0.7103785458418046,0.7103620812393365
20250216_134644,0.7050686782710421,0.7069042345932534,0.7050686782710421,0.7021068911189173,0.704480911349921,0.7058583745030952,0.704480911349921,0.7014718279077895
20250216_134746,0.6536134250388269,0.652895559421315,0.6536134250388269,0.6521169918331055,0.6530238487107497,0.6520966047988046,0.6530238487107497,0.651572130860257
20250216_134853,0.7067548760563949,0.7083362542861712,0.7067548760563949,0.7070267882956898,0.7051989544002324,0.7069265235188461,0.7051989544002324,0.7055274984157747
20250216_134959,0.705542669275298,0.7065941841939604,0.705542669275298,0.7057862045633533,0.7039161583890018,0.705146806220997,0.7039161583890018,0.7042111822397938
20250216_135105,0.6862925835535206,0.6950012592415233,0.6862925835535206,0.6856689097325678,0.6848839836060283,0.6942387497557027,0.6848839836060283,0.6843748742755708
20250216_135221,0.7399160935073318,0.755980787687779,0.7399160935073318,0.7384295189983763,0.7370752250943944,0.7539091589501173,0.7370752250943944,0.7356904645801429
20250216_135336,0.7059843885516045,0.7243095379102313,0.7059843885516045,0.703568254045551,0.7041501274728111,0.7226826567834593,0.7041501274728111,0.7020044454534604
20250216_135450,0.6742007704875048,0.6939838681412931,0.6742007704875048,0.6707048792003887,0.672709523348501,0.6933851186067552,0.672709523348501,0.6693955726727143
20250216_135555,0.700350955041449,0.7013825913622067,0.700350955041449,0.7005964879728236,0.6999064123664762,0.701154084181099,0.6999064123664762,0.7002067049557638
20250216_135658,0.6625849654087416,0.6620817874637173,0.6625849654087416,0.6621596087873146,0.6625520379513989,0.6620245752637938,0.6625520379513989,0.6621526478218287
20250216_135802,0.6499162952056314,0.6512017282116259,0.6499162952056314,0.6502234849247973,0.6489172878949236,0.6505576129152203,0.6489172878949236,0.649300511659246
20250216_135908,0.7137275862764477,0.7134110504275814,0.7137275862764477,0.7134446600030517,0.7113547616742505,0.7110319880813522,0.7113547616742505,0.711113587597452
20250216_140016,0.7046874684846407,0.7084789233732813,0.7046874684846407,0.7048607226182916,0.7031739116403654,0.7076085337850593,0.7031739116403654,0.7034081576645185
20250216_140123,0.7084188870287823,0.7081072953771181,0.7084188870287823,0.7075782637555841,0.7079259044115274,0.7074651515487527,0.7079259044115274,0.7071068461583874
20250216_140239,0.7165251416930555,0.7167727775646613,0.7165251416930555,0.7166217329358319,0.7134282118307678,0.7138194604348091,0.7134282118307678,0.7135728357142683
20250216_140354,0.7170092176122955,0.7177455078446429,0.7170092176122955,0.7172089561614348,0.7151063349146416,0.7159710534677416,0.7151063349146416,0.7153473615246003
20250216_140510,0.7169950987313177,0.7168072723658068,0.7169950987313177,0.7168716201612149,0.7154451866911931,0.7152498465719442,0.7154451866911931,0.7153237329243858
20250216_140553,0.6803283648318844,0.6841903305298919,0.6803283648318844,0.6804980405330014,0.678219898667183,0.6825716719629195,0.678219898667183,0.6784719445905506
20250216_140636,0.6699570382621675,0.6877576860256212,0.6699570382621675,0.666893673267367,0.6673605060186529,0.6864028046578495,0.6673605060186529,0.6643455000685393
20250216_140719,0.6203634603360294,0.6252793609262499,0.6203634603360294,0.6203100796585055,0.6200745473908413,0.6256836602173065,0.6200745473908413,0.6201046220221897
20250216_140805,0.6606103390548418,0.6665382876758059,0.6606103390548418,0.6604364357680391,0.6591957917836512,0.6657378145665731,0.6591957917836512,0.659119979568042
20250216_140850,0.616131830008673,0.6154059917280212,0.616131830008673,0.6155521333512822,0.6148062090554103,0.6141101076883474,0.6148062090554103,0.6143160932017734
20250216_140935,0.6020028641158555,0.6059889033373281,0.6020028641158555,0.6021278644488179,0.6006712492335495,0.6052267868660686,0.6006712492335495,0.6008930150344562
20250216_141029,0.6790919542548256,0.6785605799120082,0.6790919542548256,0.6784671683422124,0.6774776519185465,0.6768477780552411,0.6774776519185465,0.6768298733237043
20250216_141122,0.6938179471147058,0.7021302552232189,0.6938179471147058,0.6933096029170096,0.6927985929583373,0.7017645616662646,0.6927985929583373,0.6923963597923075
20250216_141217,0.5847495915609432,0.5838918587759652,0.5847495915609432,0.5735765850133281,0.5859876722496531,0.5843398529148,0.5859876722496531,0.5747648110987503
20250216_141300,0.7098670808205086,0.7100122867462996,0.7098670808205086,0.7099297437999337,0.7096443669926098,0.7098738944907548,0.7096443669926098,0.7097397905282465
20250216_141343,0.7100223885112649,0.7099759769204061,0.7100223885112649,0.7099979004098421,0.7089585955400652,0.70897280194106,0.7089585955400652,0.7089656093319155
20250216_141426,0.6958752697714758,0.6954340101869416,0.6958752697714758,0.6953504129938763,0.6949527221092716,0.6944527826947328,0.6949527221092716,0.6944745460006082
20250216_141511,0.7548558865648762,0.7593136713500991,0.7548558865648762,0.7549639697502923,0.7520734501565173,0.7569413017109066,0.7520734501565173,0.7522529208619255
20250216_141556,0.7240484882712439,0.7272005882826973,0.7240484882712439,0.7242630032998579,0.7222544938199891,0.7257816090823356,0.7222544938199891,0.7225398380442926
20250216_141641,0.684981544605579,0.6852677555992053,0.684981544605579,0.6850950973582501,0.6843111627456675,0.6847352131433339,0.6843111627456675,0.6844726894694202
20250216_141734,0.7591177716371851,0.7667833407365566,0.7591177716371851,0.7589191129643337,0.7553974247264982,0.7636490495959599,0.7553974247264982,0.7552722881745371
20250216_141828,0.705772605336937,0.7102353271085902,0.705772605336937,0.7058765173598528,0.7035369671152418,0.7084808954781064,0.7035369671152418,0.7037224922281915
20250216_141921,0.703666875088243,0.7057692681699794,0.703666875088243,0.7039433337335662,0.7026575660760964,0.7050573354478878,0.7026575660760964,0.7030007036533708
20250216_142005,0.6367696000322717,0.6370227935114376,0.6367696000322717,0.6368781572614216,0.6355568464194662,0.6360430617988355,0.6355568464194662,0.6357494106823863
20250216_142048,0.6076907561669255,0.6067409397364559,0.6076907561669255,0.6068294780998924,0.6062219640494401,0.6052327818087868,0.6062219640494401,0.6054296278429897
20250216_142131,0.6066641118215373,0.6070528479706216,0.6066641118215373,0.6068240048644513,0.6060202665633976,0.6066271524846829,0.6060202665633976,0.6062576699580972
20250216_142217,0.7090078460638577,0.7087393222624858,0.7090078460638577,0.7088070727093421,0.7081114660986866,0.7078722900481931,0.7081114660986866,0.7079568460835456
20250216_142302,0.6987898102019,0.6984359997999136,0.6987898102019,0.6978339468613183,0.6993093878077904,0.6988134241714586,0.6993093878077904,0.6983239117413876
20250216_142348,0.6623005708061881,0.6627259849344129,0.6623005708061881,0.6624597668247999,0.6619146738955045,0.6624925432512532,0.6619146738955045,0.6621252726374337
20250216_142440,0.7143750378184311,0.714764113482229,0.7143750378184311,0.7145107323656703,0.7122260948139543,0.712737562405639,0.7122260948139543,0.7124016814987959
20250216_142536,0.7119143185622945,0.7120412528821446,0.7119143185622945,0.7119699362938468,0.7108384161099816,0.7110931259375163,0.7108384161099816,0.7109422451381103
20250216_142632,0.7115532786058614,0.7111906568556392,0.7115532786058614,0.7111541272799248,0.7096282311937264,0.7092091732558741,0.7096282311937264,0.709239337864389
20250216_142929,0.6916315375461385,0.6945170180163851,0.6916315375461385,0.691885002641225,0.6900877787459258,0.6932284917508555,0.6900877787459258,0.6904240967536853
20250216_143229,0.5944432118437242,0.6099884489688013,0.5944432118437242,0.5603497660986978,0.5960160712556879,0.60989829305099,0.5960160712556879,0.5617566160635342
20250216_143529,0.5306379717218984,0.2815766570331303,0.5306379717218984,0.3679206477758673,0.5339658566495628,0.2851195360675014,0.5339658566495628,0.37174169794137396
20250216_143832,0.6110288630266847,0.6408804236537782,0.6110288630266847,0.6004744233063698,0.6091183399490109,0.6403946117155604,0.6091183399490109,0.5987369827053218
20250216_144135,0.5824582988765404,0.6230865471245074,0.5824582988765404,0.5181273531333231,0.5856165488753348,0.6242172895801699,0.5856165488753348,0.5218079607402587
20250216_144436,0.5306379717218984,0.2815766570331303,0.5306379717218984,0.3679206477758673,0.5339658566495628,0.2851195360675014,0.5339658566495628,0.37174169794137396
20250216_144759,0.6977349280945562,0.6976402987099981,0.6977349280945562,0.697682527591374,0.6969454932713719,0.6968943497693564,0.6969454932713719,0.6969188024868366
20250216_145120,0.6013251578289195,0.6045944363074317,0.6013251578289195,0.6015813959050289,0.6004050085519734,0.6041824409503951,0.6004050085519734,0.6007558496669806
20250216_145442,0.59056051957482,0.6914514806782059,0.59056051957482,0.5466510512307341,0.5881740729983541,0.6909357909468464,0.5881740729983541,0.5445970908548398
20250216_145737,0.7086347042094435,0.7100737970557631,0.7086347042094435,0.7060657223303836,0.7080065834059445,0.7090517521797313,0.7080065834059445,0.7053805822128233
20250216_150032,0.6852861090381008,0.6876710539744235,0.6852861090381008,0.6855713035764871,0.6828508729467196,0.6855909374800542,0.6828508729467196,0.6832106460355618
20250216_150328,0.672189838439662,0.6716506452937834,0.672189838439662,0.6716381440532113,0.670603801594217,0.6700243441683041,0.670603801594217,0.6701091209585123
20250216_150627,0.6935053147501966,0.693800650628649,0.6935053147501966,0.6936202401811487,0.6919514635169587,0.6923305303503151,0.6919514635169587,0.6920979295994794
20250216_150928,0.7121341697089494,0.7119258970905717,0.7121341697089494,0.7119943407553618,0.7105721754284055,0.710378161610497,0.7105721754284055,0.7104531112453398
20250216_151228,0.7057161298130257,0.7072077366593224,0.7057161298130257,0.7059862904161489,0.7045696582437796,0.7063321613997833,0.7045696582437796,0.7049003740393525
20250216_151547,0.7268641965348233,0.7561497266928474,0.7268641965348233,0.722763477330778,0.7229967405686255,0.7537327502178318,0.7229967405686255,0.7188960772417503
20250216_151907,0.6978519131083725,0.70118195436005,0.6978519131083725,0.6980685319335985,0.6965340303998451,0.7003391386646178,0.6965340303998451,0.6968236151090075
20250216_152228,0.7066741967365215,0.7062886976813804,0.7066741967365215,0.7060289579957743,0.7055781456739924,0.7050923302544038,0.7055781456739924,0.7050079738219447
20250216_152522,0.7189213174932936,0.7216053414779275,0.7189213174932936,0.7191652643670345,0.7168974085906993,0.719926456231629,0.7168974085906993,0.7172104903752458
20250216_152820,0.7238266201415922,0.7235163299254143,0.7238266201415922,0.7235033896541301,0.7223351728144061,0.7220031977343974,0.7223351728144061,0.7220599189462111
20250216_153119,0.7029105064644305,0.7031829773886932,0.7029105064644305,0.7030168730153048,0.7012698873721238,0.7016764750916634,0.7012698873721238,0.7014220006620066
20250216_153422,0.7404747977974546,0.7436023128240489,0.7404747977974546,0.7406799626900292,0.737357601574854,0.7409332368354329,0.737357601574854,0.7376265625790668
20250216_153724,0.7486879525605599,0.7493454906858048,0.7486879525605599,0.7474631579237814,0.746732500726111,0.7470820086062311,0.746732500726111,0.7455124760506022
20250216_154024,0.7501341293692895,0.7499807010761406,0.7501341293692895,0.7496080515774701,0.7480717720334333,0.7477991334799649,0.7480717720334333,0.7475588466594385
20250216_154344,0.7706488634300813,0.7768613952978544,0.7706488634300813,0.7706132595759735,0.7670232678219898,0.7738188306860423,0.7670232678219898,0.7670507460069944
20250216_154707,0.7625264729018334,0.7649198848042411,0.7625264729018334,0.76274307015657,0.7589069609836383,0.7618124312003387,0.7589069609836383,0.7591780470163368
20250216_155029,0.7535912382258617,0.7538444971504543,0.7535912382258617,0.7527037223323889,0.7516861909833156,0.7517384215566988,0.7516861909833156,0.7507832071612675
20250216_155217,0.6073539200064544,0.6146920874814724,0.6073539200064544,0.6065414328918264,0.6062865072449737,0.6145086689337659,0.6062865072449737,0.605549815721652
20250216_155405,0.6100405413582364,0.6229740193392136,0.6100405413582364,0.5853092660881258,0.6110627037144609,0.6227886098744112,0.6110627037144609,0.5858437380102371
20250216_155552,0.595219750297505,0.6130641565665121,0.595219750297505,0.5893421613969595,0.5930067447639332,0.6121239968098728,0.5930067447639332,0.5872120866149063
20250216_155743,0.6083220718449344,0.633216498240189,0.6083220718449344,0.5998350862021106,0.6073111304740698,0.6336503149173348,0.6073111304740698,0.5990005219321011
20250216_155934,0.6007200629298695,0.6025164158821854,0.6007200629298695,0.6010947491537084,0.5995094717139445,0.6016787063133276,0.5995094717139445,0.5999709251140432
20250216_160125,0.6016236713124509,0.6015486126767995,0.6016236713124509,0.601584696314484,0.6003727369542066,0.6005002136200315,0.6003727369542066,0.600433306356748
20250216_160329,0.7070735593698945,0.7108554949157208,0.7070735593698945,0.7072471147369356,0.7058121147578017,0.709935190747741,0.7058121147578017,0.7060711183169621
20250216_160531,0.606849674257246,0.605740208001717,0.606849674257246,0.6056936721646254,0.6057701616807049,0.6045706534721866,0.6057701616807049,0.604679957701124
20250216_160735,0.5964965005345005,0.6116983533627877,0.5964965005345005,0.5638144172295407,0.5983557620937813,0.611985226763266,0.5983557620937813,0.5656072898045024
20250216_160920,0.7112527481393331,0.7113168335111483,0.7112527481393331,0.709918660313081,0.7105883112272888,0.7104225331922556,0.7105883112272888,0.7092305813572116
20250216_161105,0.7069626253050687,0.7067249386549631,0.7069626253050687,0.7067974756902401,0.7056588246684093,0.7054395233142055,0.7056588246684093,0.7055215399904414
20250216_161249,0.6901268682305008,0.689662581490847,0.6901268682305008,0.6892852762628655,0.6893293961984058,0.6887336794041333,0.6893293961984058,0.6885399321194259
20250216_161439,0.7141551866717764,0.7138215045217601,0.7141551866717764,0.7134936035208322,0.7133152612385839,0.7128663790272489,0.7133152612385839,0.7126693859182163
20250216_161629,0.7267976360959277,0.7302646163898139,0.7267976360959277,0.72698937577248,0.7239648885016298,0.7279800396136289,0.7239648885016298,0.7242195240703475
20250216_161820,0.7063474454910346,0.7072989072851424,0.7063474454910346,0.7040873800230624,0.7060783554393778,0.7066718703445787,0.7060783554393778,0.7037837315475399
20250216_162024,0.7478448536678836,0.7483333968965751,0.7478448536678836,0.7479897934323543,0.7447881369606609,0.7454425380959772,0.7447881369606609,0.7449773839215499
20250216_162230,0.6751427015470259,0.7083376897026968,0.6751427015470259,0.6679898663865953,0.6719672765998644,0.70654972135179,0.6719672765998644,0.6648720381450914
20250216_162434,0.7102765283688659,0.7101579128750324,0.7102765283688659,0.7102078059164859,0.7091441572272243,0.7090532179059111,0.7091441572272243,0.7090945561673103
20250216_162618,0.711629923959741,0.7132706569845658,0.711629923959741,0.7118986691319448,0.7092974473166166,0.7111895232701848,0.7092974473166166,0.7096274632970981
20250216_162804,0.7149599628875128,0.7149370028041597,0.7149599628875128,0.7149481658330911,0.712855390970407,0.7129409763121113,0.712855390970407,0.7128950691375158
20250216_162949,0.6802396175800238,0.6836296736007291,0.6802396175800238,0.6804588384802241,0.6787523800303353,0.6825822991826039,0.6787523800303353,0.6790529276747699
20250216_163139,0.7316888198632485,0.7322339624571783,0.7316888198632485,0.7318507962048387,0.7290315293510181,0.7298385353749525,0.7290315293510181,0.7292546622315733
20250216_163330,0.7199661146856532,0.7209270561137084,0.7199661146856532,0.7201905542777643,0.717365346758318,0.7185869722170318,0.717365346758318,0.7176474855344309
20250216_163519,0.6996772827205067,0.7122465125086364,0.6996772827205067,0.6983756764667978,0.6969777648691386,0.7104722087643747,0.6969777648691386,0.6957537492416093
20250216_163722,0.7691784828253898,0.7719582055435746,0.7691784828253898,0.7693777796569922,0.7660389840901023,0.7693003772951132,0.7660389840901023,0.766292435173613
20250216_163927,0.7566368825510801,0.7622550505197051,0.7566368825510801,0.7566449018577339,0.7518959563687998,0.7582528314282377,0.7518959563687998,0.7519538767424914
20250216_164133,0.7445309506040864,0.7443183139527626,0.7445309506040864,0.7443548540279057,0.7424000387259173,0.7421975254509947,0.7424000387259173,0.7422604892647829
20250216_164245,0.7056495693741301,0.7116210526679622,0.7056495693741301,0.7055609827598043,0.7037386646012844,0.710213223783213,0.7037386646012844,0.703745289389877
20250216_164357,0.6145948889650861,0.6158576703695401,0.6145948889650861,0.6149285628596155,0.6121599380385323,0.6138234775548954,0.6121599380385323,0.6125826819411128
20250216_164508,0.6002480889086105,0.6012610944842548,0.6002480889086105,0.6005601640228383,0.5993239100267854,0.6006329314980631,0.5993239100267854,0.5997181669474067
20250216_164624,0.6887472518606668,0.7052250304903691,0.6887472518606668,0.6864238641234844,0.6856262303546649,0.7026024194535662,0.6856262303546649,0.6835020081953954
20250216_164739,0.6904939591359245,0.7049051240862568,0.6904939591359245,0.6886790927224206,0.6883612482654016,0.7034550118485561,0.6883612482654016,0.6867012651735933
20250216_164855,0.6621190423364731,0.6616807212241519,0.6621190423364731,0.6617833643158932,0.6623019330687062,0.6618405507303388,0.6623019330687062,0.6619755267081764
20250216_165026,0.7016902317513464,0.7021488913910199,0.7016902317513464,0.7018462947788313,0.7002936715396779,0.7009629068621412,0.7002936715396779,0.700509020062324
20250216_165154,0.6523528106658061,0.6685194137105838,0.6523528106658061,0.6493329117694138,0.6507002936715397,0.6680051728867366,0.6507002936715397,0.6477742075272206
20250216_165323,0.6012142237640936,0.6004530827960135,0.6012142237640936,0.600635422055249,0.6007357924290831,0.6000006676752805,0.6007357924290831,0.6002309672701521
20250216_165435,0.7540047197402125,0.7613227796049721,0.7540047197402125,0.7538339481923911,0.7502662406815761,0.7580102416263045,0.7502662406815761,0.7501860429855541
20250216_165548,0.6829585106597551,0.6895226188596429,0.6829585106597551,0.6827265651267086,0.6809710523768032,0.6882794561085763,0.6809710523768032,0.6808126611403131
20250216_165700,0.6937211319308578,0.6934591714601152,0.6937211319308578,0.6924587863562494,0.6938151482879917,0.6933268350320192,0.6938151482879917,0.6926149684638045
20250216_165816,0.6999939490510095,0.7106586815372384,0.6999939490510095,0.699076285654366,0.6978733017071675,0.7093965635183495,0.6978733017071675,0.697037561589772
20250216_165931,0.7114524294560197,0.7130955461514168,0.7114524294560197,0.711721384812971,0.7101929841546455,0.7120524273769003,0.7101929841546455,0.7105210091053732
20250216_170046,0.7185501926218762,0.7222061954941137,0.7185501926218762,0.7187310677493243,0.7157517668699778,0.7199695259883773,0.7157517668699778,0.715997395950544
20250216_170214,0.7502632162810867,0.7609588092331074,0.7502632162810867,0.7496606288924098,0.7473133894859134,0.7590146511760011,0.7473133894859134,0.7467519372522642
20250216_170343,0.7212711026846044,0.7231700992590158,0.7212711026846044,0.7215329667118686,0.7205440991383484,0.7226197310355104,0.7205440991383484,0.7208652897963682
20250216_170509,0.7024425664091651,0.7135781831226778,0.7024425664091651,0.7014530630392114,0.7008180850033885,0.7124781991653425,0.7008180850033885,0.6999786519785958
20250216_170620,0.7121301357429557,0.7120348275890089,0.7121301357429557,0.712076526051208,0.7110401135960241,0.7109984526080585,0.7110401135960241,0.7110184512274607
20250216_170731,0.7081344924262288,0.7092521176162351,0.7081344924262288,0.7083816658199944,0.7073208119533998,0.7087330857356652,0.7073208119533998,0.7076284886588816
20250216_170841,0.6656306097339599,0.6669307641401805,0.6656306097339599,0.6659258907959529,0.6649804756833511,0.6666055177492168,0.6649804756833511,0.6653460362258861
20250216_170956,0.714437564291333,0.7144373517641249,0.714437564291333,0.7144374580015511,0.7117339529480105,0.7118553178990407,0.7117339529480105,0.7117886283917189
20250216_171111,0.7133060368301095,0.7129831171816237,0.7133060368301095,0.7130116601404201,0.7114515764675509,0.7111234671707667,0.7114515764675509,0.7112037761749616
20250216_171227,0.7087516892232598,0.7101834815534199,0.7087516892232598,0.7090168888407606,0.7077403427243683,0.7094338403134891,0.7077403427243683,0.7080646002093078
20250216_171355,0.7208071965953327,0.7231923086587345,0.7208071965953327,0.7210611456732766,0.7188498402555911,0.7215774494562566,0.7188498402555911,0.7191696468926917
20250216_171524,0.7182920187982815,0.7179949614654492,0.7182920187982815,0.7176088258108383,0.7173411430599929,0.7169180087934668,0.7173411430599929,0.716682449621328
20250216_171651,0.7249984872627524,0.7258735348647956,0.7249984872627524,0.7252105596148831,0.7229321973730919,0.7240149999347373,0.7229321973730919,0.7231954466370994
20250216_172249,0.6143004094475484,0.6130987296385702,0.6143004094475484,0.6126237298320866,0.6129102526866105,0.6115220334702014,0.6129102526866105,0.6112944000652454
20250216_172841,0.5306379717218984,0.2815766570331303,0.5306379717218984,0.3679206477758673,0.5339658566495628,0.2851195360675014,0.5339658566495628,0.37174169794137396
20250216_173433,0.5306379717218984,0.2815766570331303,0.5306379717218984,0.3679206477758673,0.5339658566495628,0.2851195360675014,0.5339658566495628,0.37174169794137396
20250216_174034,0.6783658403759656,0.6924099389403351,0.6783658403759656,0.6764558031230723,0.6762836028011747,0.6905906191129707,0.6762836028011747,0.6746375070044788
20250216_174635,0.5306379717218984,0.2815766570331303,0.5306379717218984,0.3679206477758673,0.5339658566495628,0.2851195360675014,0.5339658566495628,0.37174169794137396
20250216_175235,0.5962867343028299,0.6016021386902712,0.5962867343028299,0.5761367140904234,0.5955400651886275,0.5993146201986419,0.5955400651886275,0.5750264192658079
20250216_175919,0.6473769136126183,0.7319460578369843,0.6473769136126183,0.6228044673100246,0.6463920353696712,0.7317178543224531,0.6463920353696712,0.6225196362302424
20250216_180603,0.5306379717218984,0.2815766570331303,0.5306379717218984,0.3679206477758673,0.5339658566495628,0.2851195360675014,0.5339658566495628,0.37174169794137396
20250216_181247,0.6453780834627564,0.6482911242838377,0.6453780834627564,0.6379899789746506,0.6446332332913802,0.6467031999635396,0.6446332332913802,0.6371745182724335
20250216_181847,0.7120938300490127,0.7117888244381569,0.7120938300490127,0.7118367321499658,0.7101929841546455,0.7098806265982558,0.7101929841546455,0.7099654376271493
20250216_182448,0.7060973395994272,0.7061320444631769,0.7060973395994272,0.7061140679185116,0.7048923742214477,0.7050374517063803,0.7048923742214477,0.7049568935881373
20250216_183047,0.6693196716351681,0.6865019833317622,0.6693196716351681,0.6664119521648334,0.6673201665214444,0.6853133699606465,0.6673201665214444,0.6645858917501448
20250216_183651,0.7444401863692289,0.7593560480602717,0.7444401863692289,0.7431837265563086,0.7397134282118307,0.755252180752175,0.7397134282118307,0.7385552533439493
20250216_184301,0.7419713991811049,0.7442658758131322,0.7419713991811049,0.7422088183944046,0.7385032432955756,0.7412380357229659,0.7385032432955756,0.7388007996300985
20250216_184908,0.7238488069545573,0.7334682293414096,0.7238488069545573,0.7232662682720261,0.720229451060122,0.7307687825047929,0.720229451060122,0.7196967414423856
20250216_185559,0.7255208858589323,0.7571658237961768,0.7255208858589323,0.7209269193147823,0.721471907574144,0.7542615501865355,0.721471907574144,0.71693258064571
20250216_190244,0.7255874462978277,0.72528905052457,0.7255874462978277,0.7252904173129997,0.7235695614289863,0.7232397763840869,0.7235695614289863,0.7232944909414026
20250216_190926,0.6865084007341818,0.7108005139158496,0.6865084007341818,0.6822071347060115,0.6851179526898377,0.7104995616881814,0.6851179526898377,0.6809731561596201
20250216_191518,0.7629117166542286,0.7681800257359668,0.7629117166542286,0.7629542390738874,0.7596653435311582,0.7654668445581437,0.7596653435311582,0.7597727753213196
20250216_192105,0.7236955162467981,0.7239993728770152,0.7236955162467981,0.7238069830824301,0.720632846032207,0.7211069134787366,0.720632846032207,0.7207964777455139
20250216_192653,0.7079650658544948,0.7084469405549144,0.7079650658544948,0.7081241446854907,0.7066189047019718,0.7072331610469279,0.7066189047019718,0.7068198110771913
20250216_193254,0.7722241271506082,0.7732301490227917,0.7722241271506082,0.7724132677061648,0.7702826991964372,0.7714844984727,0.7702826991964372,0.7705147024136928
20250216_193852,0.7678815627584259,0.7678217588038839,0.7678815627584259,0.7673959205988035,0.7656355891180172,0.765439534643834,0.7656355891180172,0.7651817233867775
20250216_194451,0.7580407027168761,0.7578267419732269,0.7580407027168761,0.7577566587117058,0.7562042146706683,0.7559438516309939,0.7562042146706683,0.7559436586714066
20250216_195134,0.7713427055809919,0.7747182806554189,0.7713427055809919,0.7715146311887178,0.768612644012005,0.7724903730073602,0.768612644012005,0.7688392784730456
20250216_195815,0.7717924927892857,0.773484447694208,0.7717924927892857,0.7720060162358264,0.7692661438667828,0.7712216292735088,0.7692661438667828,0.769529891015932
20250216_200500,0.7632384678997156,0.7637462781592855,0.7632384678997156,0.7633799892900502,0.7611337012295478,0.7618626297314824,0.7611337012295478,0.7613247475742579
20250216_200833,0.682428044131588,0.7134992566639538,0.682428044131588,0.6762180940743076,0.6793897440862298,0.7114654318819417,0.6793897440862298,0.6733336929789764
20250216_201206,0.5374594082171887,0.6190306083753988,0.5374594082171887,0.39058078284596914,0.5413560525381612,0.6225807093638837,0.5413560525381612,0.3959449970515066
20250216_201539,0.5794066036023316,0.6942421383783284,0.5794066036023316,0.5266657380180773,0.5766127730983961,0.6927236855326346,0.5766127730983961,0.5242907824307829
20250216_201925,0.6573609794469433,0.6812517487118904,0.6573609794469433,0.6520776653644932,0.6566221318617484,0.6812093842171564,0.6566221318617484,0.6516751548237857
20250216_202308,0.6101635773210432,0.6646446320692518,0.6101635773210432,0.5887752871901063,0.6085293832897667,0.6646956849719192,0.6085293832897667,0.5874658606294199
20250216_202653,0.594868795256056,0.5935122976893692,0.594868795256056,0.5933454553146973,0.5944508987639978,0.5929532200041685,0.5944508987639978,0.59296741547577
20250216_203103,0.6745275217329918,0.6923993124268829,0.6745275217329918,0.6715551544036514,0.6742746958401911,0.6932886225077031,0.6742746958401911,0.6714302178894147
20250216_203511,0.666635067266383,0.6670948593365046,0.666635067266383,0.666802285521909,0.6662148642979314,0.6668961912768023,0.6662148642979314,0.666449006986764
20250216_203920,0.5306379717218984,0.2815766570331303,0.5306379717218984,0.3679206477758673,0.5339658566495628,0.2851195360675014,0.5339658566495628,0.37174169794137396
20250216_204251,0.7456624780653099,0.7541851405204038,0.7456624780653099,0.745325911433893,0.7440055507148159,0.7529922126694538,0.7440055507148159,0.7437726922932988
20250216_204622,0.7231307610076847,0.7232100050251352,0.7231307610076847,0.7231668792637866,0.7226740245909575,0.7227997834725116,0.7226740245909575,0.7227299632454462
20250216_223933,0.9942588642297229,0.9943036220920103,0.9942588642297229,0.9942603929876065,0.8360021944686481,0.8380152278510948,0.8360021944686481,0.8351280579983789
20250216_224018,0.9942653185701055,0.9943101341014395,0.9942653185701055,0.9942668466014246,0.8358537451189209,0.837768013354056,0.8358537451189209,0.8350025731177756
